<?xml version="1.0" encoding="utf-8" standalone="yes"?>
<rss version="2.0" xmlns:atom="http://www.w3.org/2005/Atom">
  <channel>
    <title>Moviemagical</title>
    <link>/</link>
    <description>Recent content on Moviemagical</description>
    <generator>Hugo -- gohugo.io</generator>
    <language>en-us</language>
    <copyright>MovieMagical</copyright>
    <lastBuildDate>Wed, 28 Jun 2023 12:24:18 +0530</lastBuildDate><atom:link href="/index.xml" rel="self" type="application/rss+xml" />
    <item>
      <title>What Happens in the Mandalorian Chapter Four</title>
      <link>/posts/what-happens-in-the-mandalorian-chapter-four/</link>
      <pubDate>Wed, 28 Jun 2023 12:24:18 +0530</pubDate>
      
      <guid>/posts/what-happens-in-the-mandalorian-chapter-four/</guid>
      <description>The Mandalorian Chapter 4: The Sanctuary In chapter four of the Mandalorian, titled The Sanctuary, Mandalorian aka Din Djarin (played by Pedro Pascal) saves a village of Krill farmers from Klatooinian raiders and brings down an AT-ST with help from Carasynthia Dune. However, trouble follows him everywhere and Mandalorian cannot have a life of peace. He has to leave his peaceful sanctuary with the Child to save themselves from the imp&amp;rsquo;s hunters.</description>
    </item>
    
    <item>
      <title>The Sea Beast</title>
      <link>/posts/the-sea-beast/</link>
      <pubDate>Wed, 28 Jun 2023 07:20:58 +0530</pubDate>
      
      <guid>/posts/the-sea-beast/</guid>
      <description>The Sea Beast is an epic adventure movie set in a mysterious world where large beasts roam free in the sea waters. The main characters in the story of The Sea Beast are Captain Crow, Jacob Holland and Maisie Brumble. The tale of the Sea Beast has a sharp twist. Jacob is a famous hunter who joined Captain Crow&amp;rsquo;s crew when he was very young. Crow found the boy stranded at sea and took the orphaned boy oboard his ship and into his crew.</description>
    </item>
    
    <item>
      <title>Main Characters in the Mandalorian</title>
      <link>/posts/main-characters-in-the-mandalorian/</link>
      <pubDate>Fri, 19 May 2023 00:00:00 +0000</pubDate>
      
      <guid>/posts/main-characters-in-the-mandalorian/</guid>
      <description>A Look at the leading characters in the Mandalorian Here are some of the leading characters whom you might have watched in the popular Disney + series the Mandalorian and several of them are also there in the Book of Boba Fett including the Mandalorian himself. The Mandalorian and the Book of Boba Fett have overlapping stories and star cast.
Pedro Pascal is Din Djarin aka the Mandalorian. Din Djarin aka the Mandalorian is the leading character in the popular Disney+ series named the Mandalorian.</description>
    </item>
    
    <item>
      <title>What Happens in Chapter Four of the Book of Boba Fett</title>
      <link>/posts/what-happens-in-chapter-four-of-the-book-of-boba-fett/</link>
      <pubDate>Wed, 17 May 2023 00:00:00 +0000</pubDate>
      
      <guid>/posts/what-happens-in-chapter-four-of-the-book-of-boba-fett/</guid>
      <description>The Book of Boba Fett Chapter 4: The Gathering Storm Chapter four of the Book of Boba Fett titled ‘The Gathering Storm’ tells the story of how Fennec Shand became Boba’s master assassin and partner. Boba has saved her life and Shand bears his debt. The story moves forward as Boba works to tighten his grip on Tatooine against the Pyke syndicate in this chapter. Together, Boba and Shand retrieve his ship (Slave 1), from the palace occupied by Bib Fortuna.</description>
    </item>
    
    <item>
      <title>Boba becomes a tusken in episode 2 of Boba Fett</title>
      <link>/posts/boba-becomes-a-tusken-in-episode-2-of-boba-fett/</link>
      <pubDate>Wed, 26 Apr 2023 00:00:00 +0000</pubDate>
      
      <guid>/posts/boba-becomes-a-tusken-in-episode-2-of-boba-fett/</guid>
      <description>Book of Boba Fett Chapter 2: Tribes of Tatooine Chapter 2 of the Book of Boba Fett is titled The Tribes of Tatooine. Apart from the appearance of the mayor and the Hutt twins, another interesting event in this chapter is the train heist Boba conducts with help from Tuskens. Boba also teaches the Tusken raiders how to ride speeder bikes and gets accepted into the Tusken family.
In the previous chapter, Boba and Fennec Shand were attacked by a group of assassins in the streets of Tatooine, Shand had managed to capture one of the assassins and brings him to Boba.</description>
    </item>
    
    <item>
      <title>Book of Boba Fett Chapter One - Stranger in a Strange Land</title>
      <link>/posts/what-happens-in-the-book-of-boba-fett-e1s1/</link>
      <pubDate>Mon, 24 Apr 2023 00:00:00 +0000</pubDate>
      
      <guid>/posts/what-happens-in-the-book-of-boba-fett-e1s1/</guid>
      <description>The Book of Boba Fett Episode 1: Stranger in a Strange Land Chapter 1 of The Book of Boba Fett is titled : Stranger in a Strange Land.
The first chapter of the Book of Boba Fett does not take us to the beginning of the story directly. Instead, it lands us in the present where Boba is trying to establish his own house in Mos Espa. However, through a series of flashbacks, the show tells the rest of the story including how he was left to die in the sands of Tatooine, how he escaped the sarlacc pit, was robbed by Jawas of his armor and captured by Tuskens.</description>
    </item>
    
    <item>
      <title>The Mandalorian Chapter 11: The Heiress</title>
      <link>/posts/the-mandalorian-chapter-11-the-heiress/</link>
      <pubDate>Wed, 12 Apr 2023 00:00:00 +0000</pubDate>
      
      <guid>/posts/the-mandalorian-chapter-11-the-heiress/</guid>
      <description>The chapter 11 of the Mandalorian is titled The Heiress. It is the third episode of the second season of the Mandalorian and was released on 13 November, 2020. Let’s take a brief look at the main events of this chapter before reading the plot summary.
In this chapter, the Mandalorian manages to take his damaged Razor Crest to the estuary moon of Trask. However, the landing is difficult because of manual re-entry.</description>
    </item>
    
    <item>
      <title>The Mandalorian Chapter Ten - The Passenger</title>
      <link>/posts/the-mandalorian-chapter-ten-the-passenger/</link>
      <pubDate>Wed, 12 Apr 2023 00:00:00 +0000</pubDate>
      
      <guid>/posts/the-mandalorian-chapter-ten-the-passenger/</guid>
      <description>Chapter Ten of the Mandalorian - The Passenger Chapter 10 of the Mandalorian is titled the Passenger. Released November 6, 2020 on Disney +, the episode is written by Jon Favreau and directed by Payton Reed.
Let’s take a brief look at the main events of this chapter before the plot summary.
In this chapter, the Mandalorian is returning with the child after having slayed the Krayt dragon with help from the Marshal and the Tusken raiders.</description>
    </item>
    
    <item>
      <title>The Mandalorian Chapter Fifteen: The Believer</title>
      <link>/posts/the-mandalorian-chapter-fifteen-the-believer/</link>
      <pubDate>Tue, 21 Mar 2023 00:00:00 +0000</pubDate>
      
      <guid>/posts/the-mandalorian-chapter-fifteen-the-believer/</guid>
      <description>Chapter 15 of the Mandalorian is titled The Believer. It was released on Disney+ on 11 December 2020. It is the seventh or second last episode of the second season of the popular Disney+ show. The episode is written and directed by Rick Famuyiwa.
Let’s take a brief look at the main events of chapter fifteen before reading the plot summary.
After meeting Cara Dune on Nevarro, the Mandalorian learns that Migs Mayfeld was sentenced for fifty years on Karthon Chop Fields.</description>
    </item>
    
    <item>
      <title>The Mandalorian Chapter 9 – The Marshal</title>
      <link>/posts/the-mandalorian-chapter-9-the-marshal/</link>
      <pubDate>Sun, 19 Mar 2023 00:00:00 +0000</pubDate>
      
      <guid>/posts/the-mandalorian-chapter-9-the-marshal/</guid>
      <description>Chapter Nine - The Marshal Chapter 9 of the Mandalorian is titled The Marshal. It is the first episode of the second season of the popular Disney+ series. Written and directed by Jon Favreau, the episode aired on Disney+ on October 30, 2020. Let’s take a brief look at the main events of this episode before reading the plot.
The Mandalorian has been quested by the armorer to take the kid to its people.</description>
    </item>
    
    <item>
      <title>The Mandalorian chapter 13 – The Jedi</title>
      <link>/posts/the-mandalorian-chapter-13-the-jedi/</link>
      <pubDate>Tue, 14 Mar 2023 00:00:00 +0000</pubDate>
      
      <guid>/posts/the-mandalorian-chapter-13-the-jedi/</guid>
      <description>The Mandalorian Chapter 13: The Jedi The chapter 13 of the Mandalorian is titled the Jedi. It is the fifth episode of the second season of the popular Disney+ show.
Let’s take a brief look at the main events of this chapter before reading its plot summary.
Bo-Katan Kryze had told the Mandalorian that he could find a Jedi named Ahsoka Tano on planet Corvus in the town of Calodan. In the previous chapter, the Mandalorian had helped Cara Dune and Greef Karga destroy the last remaining imperial base on Nevarro.</description>
    </item>
    
    <item>
      <title>The Mandalorian Chapter Twelve - The Siege</title>
      <link>/posts/the-mandalorian-chapter-twelve-the-siege/</link>
      <pubDate>Tue, 14 Feb 2023 00:00:00 +0000</pubDate>
      
      <guid>/posts/the-mandalorian-chapter-twelve-the-siege/</guid>
      <description>Chapter Twelve the Seige The chapter 12 of the Mandalorian is titled ‘The Siege’. It is the fourth episode of the second season of the popular Disney+ show. The episode was released on 20 November, 2020. Let’s take a brief look at the main events of this chapter before delving into the plot summary. The Razor Crest is partially repaired and hobbling along towards Corvus. Din Djarin tries to get some help from the kid in repairing the Crest but the kid ends up nearly electrocuting himself.</description>
    </item>
    
    <item>
      <title>The Mandalorian Chapter 16 - The Rescue</title>
      <link>/posts/the-mandalorian-chapter-16-the-rescue/</link>
      <pubDate>Sun, 12 Feb 2023 00:00:00 +0000</pubDate>
      
      <guid>/posts/the-mandalorian-chapter-16-the-rescue/</guid>
      <description>The Rescue Plot Summary Chapter 16 of the Mandalorian is titled - The Rescue. It is the last episode of season 2 of the popular Disney+ show. This episode was released on December 18, 2020 on Disney+. The episode is directed by Peyton Reed and written by Jon Favreau.
Let’s take a look at the main events of this chapter before delving into the plot summary.
At the opening of the chapter 16, Slave 1 is pursuing an imperial shuttle in the space.</description>
    </item>
    
    <item>
      <title>Prey</title>
      <link>/posts/prey/</link>
      <pubDate>Sat, 04 Feb 2023 00:00:00 +0000</pubDate>
      
      <guid>/posts/prey/</guid>
      <description>Prey - 2022 Movie of Predator Series The story of Prey (released 2022) is set in the Comanche Nation 300 years ago. Naru (played by Amber Midthunder) is a Comanche girl and a skilled warrior who fights against an alien predator with a technically advanced arsenal. The movie is directed by Dan Trachtenberg and written by Patrick Alson and Dan Trachtenberg.
The latest predator movie Prey is set in 1700s which is the earliest of all the predator movies released yet.</description>
    </item>
    
  </channel>
</rss>
